{
  "installed": {
    "client_id": "702503884598-2m0gplsol73buj3cvj5g3nahtfgkve8f.apps.googleusercontent.com",
    "project_id": "apilearning-1610247055560",
    "auth_uri": "https://accounts.google.com/o/oauth2/auth",
    "token_uri": "https://oauth2.googleapis.com/token",
    "auth_provider_x509_cert_url": "https://www.googleapis.com/oauth2/v1/certs",
    "client_secret": "buVQlTN35AhG6FvmUEsLV98E",
    "redirect_uris": [
      "urn:ietf:wg:oauth:2.0:oob",
      "http://localhost"
    ]
  }
}